condition,seed,selected_epoch,validation_primary_mean_macro_f1,refit_final_training_loss,checkpoint,checkpoint_sha256
question_only,20260831,3,0.29496333597904145,0.6886347225020473,05_results/shared_question_conditioned_vqa_v1/checkpoints/question_only_seed20260831.pt,18A2B98EEE3AC4243C5019D25016A366D71AC2C385FF0D53D560C70801D55AF0
question_only,20260832,9,0.29496333597904145,0.6554654694313239,05_results/shared_question_conditioned_vqa_v1/checkpoints/question_only_seed20260832.pt,64A59CA8A3A97C3E7D07EDDE729B089A64E033AFFDBFFD302AEB498689DC472F
question_only,20260833,8,0.3799152646400983,0.6862114213223751,05_results/shared_question_conditioned_vqa_v1/checkpoints/question_only_seed20260833.pt,CA12DEA38D269EB130E822F84C5BCF77E76837EFEF190AE58175AFEF1DBCCBC5
image_only,20260831,10,0.3367773509486049,1.542747698536384,05_results/shared_question_conditioned_vqa_v1/checkpoints/image_only_seed20260831.pt,C599701E1CB458181E4CB895893B6A8804D8CFC7DCF898D3A0FE9AA64D713193
image_only,20260832,3,0.33686061701727255,1.6773202899067365,05_results/shared_question_conditioned_vqa_v1/checkpoints/image_only_seed20260832.pt,0BA1B0206A4ED265C861C99D350C5E0EC1C9591A7CF280758032CCBD404B1A2C
image_only,20260833,16,0.33640651054397414,1.4965559790547283,05_results/shared_question_conditioned_vqa_v1/checkpoints/image_only_seed20260833.pt,DC69EF92AEB034B46CE4751BF8EBA9C0BBC5331A5779BA1EE61D47882DC3B1DD
image_question,20260831,16,0.5902075868976453,0.08986579801551771,05_results/shared_question_conditioned_vqa_v1/checkpoints/image_question_seed20260831.pt,DAC54170F4B08FB389B35EFE7FE525862ABCAFF29D7BED5273717FC24C5C0EFA
image_question,20260832,18,0.5857147987126139,0.06771352983320787,05_results/shared_question_conditioned_vqa_v1/checkpoints/image_question_seed20260832.pt,F68B425905875FB7AD049B2B9AF2D9D9F5DBD3F12108F831632F39795F691819
image_question,20260833,9,0.6000808522637209,0.1485552434527973,05_results/shared_question_conditioned_vqa_v1/checkpoints/image_question_seed20260833.pt,0669AEFD21EFC7D23D779DBA6B20DAAEF066FD96471053F9D6C5715F0D0A7C02
